--
-- PostgreSQL database dump
--

-- Dumped from database version 17.4 (Debian 17.4-1.pgdg120+2)
-- Dumped by pg_dump version 17.4 (Ubuntu 17.4-1.pgdg24.04+2)

SET statement_timeout = 0;
SET lock_timeout = 0;
SET idle_in_transaction_session_timeout = 0;
SET transaction_timeout = 0;
SET client_encoding = 'UTF8';
SET standard_conforming_strings = on;
SELECT pg_catalog.set_config('search_path', '', false);
SET check_function_bodies = false;
SET xmloption = content;
SET client_min_messages = warning;
SET row_security = off;

SET default_tablespace = '';

SET default_table_access_method = heap;

--
-- Name: auth_group; Type: TABLE; Schema: public; Owner: pguser
--

CREATE TABLE public.auth_group (
    id integer NOT NULL,
    name character varying(150) NOT NULL
);


ALTER TABLE public.auth_group OWNER TO pguser;

--
-- Name: auth_group_id_seq; Type: SEQUENCE; Schema: public; Owner: pguser
--

ALTER TABLE public.auth_group ALTER COLUMN id ADD GENERATED BY DEFAULT AS IDENTITY (
    SEQUENCE NAME public.auth_group_id_seq
    START WITH 1
    INCREMENT BY 1
    NO MINVALUE
    NO MAXVALUE
    CACHE 1
);


--
-- Name: auth_group_permissions; Type: TABLE; Schema: public; Owner: pguser
--

CREATE TABLE public.auth_group_permissions (
    id bigint NOT NULL,
    group_id integer NOT NULL,
    permission_id integer NOT NULL
);


ALTER TABLE public.auth_group_permissions OWNER TO pguser;

--
-- Name: auth_group_permissions_id_seq; Type: SEQUENCE; Schema: public; Owner: pguser
--

ALTER TABLE public.auth_group_permissions ALTER COLUMN id ADD GENERATED BY DEFAULT AS IDENTITY (
    SEQUENCE NAME public.auth_group_permissions_id_seq
    START WITH 1
    INCREMENT BY 1
    NO MINVALUE
    NO MAXVALUE
    CACHE 1
);


--
-- Name: auth_permission; Type: TABLE; Schema: public; Owner: pguser
--

CREATE TABLE public.auth_permission (
    id integer NOT NULL,
    name character varying(255) NOT NULL,
    content_type_id integer NOT NULL,
    codename character varying(100) NOT NULL
);


ALTER TABLE public.auth_permission OWNER TO pguser;

--
-- Name: auth_permission_id_seq; Type: SEQUENCE; Schema: public; Owner: pguser
--

ALTER TABLE public.auth_permission ALTER COLUMN id ADD GENERATED BY DEFAULT AS IDENTITY (
    SEQUENCE NAME public.auth_permission_id_seq
    START WITH 1
    INCREMENT BY 1
    NO MINVALUE
    NO MAXVALUE
    CACHE 1
);


--
-- Name: auth_user; Type: TABLE; Schema: public; Owner: pguser
--

CREATE TABLE public.auth_user (
    id integer NOT NULL,
    password character varying(128) NOT NULL,
    last_login timestamp with time zone,
    is_superuser boolean NOT NULL,
    username character varying(150) NOT NULL,
    first_name character varying(150) NOT NULL,
    last_name character varying(150) NOT NULL,
    email character varying(254) NOT NULL,
    is_staff boolean NOT NULL,
    is_active boolean NOT NULL,
    date_joined timestamp with time zone NOT NULL
);


ALTER TABLE public.auth_user OWNER TO pguser;

--
-- Name: auth_user_groups; Type: TABLE; Schema: public; Owner: pguser
--

CREATE TABLE public.auth_user_groups (
    id bigint NOT NULL,
    user_id integer NOT NULL,
    group_id integer NOT NULL
);


ALTER TABLE public.auth_user_groups OWNER TO pguser;

--
-- Name: auth_user_groups_id_seq; Type: SEQUENCE; Schema: public; Owner: pguser
--

ALTER TABLE public.auth_user_groups ALTER COLUMN id ADD GENERATED BY DEFAULT AS IDENTITY (
    SEQUENCE NAME public.auth_user_groups_id_seq
    START WITH 1
    INCREMENT BY 1
    NO MINVALUE
    NO MAXVALUE
    CACHE 1
);


--
-- Name: auth_user_id_seq; Type: SEQUENCE; Schema: public; Owner: pguser
--

ALTER TABLE public.auth_user ALTER COLUMN id ADD GENERATED BY DEFAULT AS IDENTITY (
    SEQUENCE NAME public.auth_user_id_seq
    START WITH 1
    INCREMENT BY 1
    NO MINVALUE
    NO MAXVALUE
    CACHE 1
);


--
-- Name: auth_user_user_permissions; Type: TABLE; Schema: public; Owner: pguser
--

CREATE TABLE public.auth_user_user_permissions (
    id bigint NOT NULL,
    user_id integer NOT NULL,
    permission_id integer NOT NULL
);


ALTER TABLE public.auth_user_user_permissions OWNER TO pguser;

--
-- Name: auth_user_user_permissions_id_seq; Type: SEQUENCE; Schema: public; Owner: pguser
--

ALTER TABLE public.auth_user_user_permissions ALTER COLUMN id ADD GENERATED BY DEFAULT AS IDENTITY (
    SEQUENCE NAME public.auth_user_user_permissions_id_seq
    START WITH 1
    INCREMENT BY 1
    NO MINVALUE
    NO MAXVALUE
    CACHE 1
);


--
-- Name: django_admin_log; Type: TABLE; Schema: public; Owner: pguser
--

CREATE TABLE public.django_admin_log (
    id integer NOT NULL,
    action_time timestamp with time zone NOT NULL,
    object_id text,
    object_repr character varying(200) NOT NULL,
    action_flag smallint NOT NULL,
    change_message text NOT NULL,
    content_type_id integer,
    user_id integer NOT NULL,
    CONSTRAINT django_admin_log_action_flag_check CHECK ((action_flag >= 0))
);


ALTER TABLE public.django_admin_log OWNER TO pguser;

--
-- Name: django_admin_log_id_seq; Type: SEQUENCE; Schema: public; Owner: pguser
--

ALTER TABLE public.django_admin_log ALTER COLUMN id ADD GENERATED BY DEFAULT AS IDENTITY (
    SEQUENCE NAME public.django_admin_log_id_seq
    START WITH 1
    INCREMENT BY 1
    NO MINVALUE
    NO MAXVALUE
    CACHE 1
);


--
-- Name: django_content_type; Type: TABLE; Schema: public; Owner: pguser
--

CREATE TABLE public.django_content_type (
    id integer NOT NULL,
    app_label character varying(100) NOT NULL,
    model character varying(100) NOT NULL
);


ALTER TABLE public.django_content_type OWNER TO pguser;

--
-- Name: django_content_type_id_seq; Type: SEQUENCE; Schema: public; Owner: pguser
--

ALTER TABLE public.django_content_type ALTER COLUMN id ADD GENERATED BY DEFAULT AS IDENTITY (
    SEQUENCE NAME public.django_content_type_id_seq
    START WITH 1
    INCREMENT BY 1
    NO MINVALUE
    NO MAXVALUE
    CACHE 1
);


--
-- Name: django_migrations; Type: TABLE; Schema: public; Owner: pguser
--

CREATE TABLE public.django_migrations (
    id bigint NOT NULL,
    app character varying(255) NOT NULL,
    name character varying(255) NOT NULL,
    applied timestamp with time zone NOT NULL
);


ALTER TABLE public.django_migrations OWNER TO pguser;

--
-- Name: django_migrations_id_seq; Type: SEQUENCE; Schema: public; Owner: pguser
--

ALTER TABLE public.django_migrations ALTER COLUMN id ADD GENERATED BY DEFAULT AS IDENTITY (
    SEQUENCE NAME public.django_migrations_id_seq
    START WITH 1
    INCREMENT BY 1
    NO MINVALUE
    NO MAXVALUE
    CACHE 1
);


--
-- Name: django_session; Type: TABLE; Schema: public; Owner: pguser
--

CREATE TABLE public.django_session (
    session_key character varying(40) NOT NULL,
    session_data text NOT NULL,
    expire_date timestamp with time zone NOT NULL
);


ALTER TABLE public.django_session OWNER TO pguser;

--
-- Name: korisnici; Type: TABLE; Schema: public; Owner: pguser
--

CREATE TABLE public.korisnici (
    id bigint NOT NULL,
    ime character varying(100) NOT NULL,
    prezime character varying(100) NOT NULL,
    email character varying(254) NOT NULL,
    password_hash character varying(255) NOT NULL,
    tip_korisnika character varying(20) NOT NULL
);


ALTER TABLE public.korisnici OWNER TO pguser;

--
-- Name: korisnici_id_seq; Type: SEQUENCE; Schema: public; Owner: pguser
--

ALTER TABLE public.korisnici ALTER COLUMN id ADD GENERATED BY DEFAULT AS IDENTITY (
    SEQUENCE NAME public.korisnici_id_seq
    START WITH 1
    INCREMENT BY 1
    NO MINVALUE
    NO MAXVALUE
    CACHE 1
);


--
-- Name: predmeti; Type: TABLE; Schema: public; Owner: pguser
--

CREATE TABLE public.predmeti (
    id bigint NOT NULL,
    naziv character varying(100) NOT NULL,
    opis character varying(200) NOT NULL,
    nositelj character varying(100) NOT NULL,
    ects integer NOT NULL
);


ALTER TABLE public.predmeti OWNER TO pguser;

--
-- Name: predmeti_id_seq; Type: SEQUENCE; Schema: public; Owner: pguser
--

ALTER TABLE public.predmeti ALTER COLUMN id ADD GENERATED BY DEFAULT AS IDENTITY (
    SEQUENCE NAME public.predmeti_id_seq
    START WITH 1
    INCREMENT BY 1
    NO MINVALUE
    NO MAXVALUE
    CACHE 1
);


--
-- Name: prijave; Type: TABLE; Schema: public; Owner: pguser
--

CREATE TABLE public.prijave (
    id bigint NOT NULL,
    korisnik_id bigint NOT NULL,
    smjer_id bigint NOT NULL,
    "datum_rođenja" date NOT NULL,
    dokument character varying(100),
    "mjesto_rođenja" character varying(100) NOT NULL,
    molba character varying(100),
    ocjena_matura integer,
    prosjek_ocjena double precision,
    "završena_škola" character varying(100) NOT NULL
);


ALTER TABLE public.prijave OWNER TO pguser;

--
-- Name: prijave_id_seq; Type: SEQUENCE; Schema: public; Owner: pguser
--

ALTER TABLE public.prijave ALTER COLUMN id ADD GENERATED BY DEFAULT AS IDENTITY (
    SEQUENCE NAME public.prijave_id_seq
    START WITH 1
    INCREMENT BY 1
    NO MINVALUE
    NO MAXVALUE
    CACHE 1
);


--
-- Name: smjer; Type: TABLE; Schema: public; Owner: pguser
--

CREATE TABLE public.smjer (
    id bigint NOT NULL,
    naziv character varying(100) NOT NULL,
    kvota integer NOT NULL,
    slobodna_mjesta integer NOT NULL
);


ALTER TABLE public.smjer OWNER TO pguser;

--
-- Name: smjer_id_seq; Type: SEQUENCE; Schema: public; Owner: pguser
--

ALTER TABLE public.smjer ALTER COLUMN id ADD GENERATED BY DEFAULT AS IDENTITY (
    SEQUENCE NAME public.smjer_id_seq
    START WITH 1
    INCREMENT BY 1
    NO MINVALUE
    NO MAXVALUE
    CACHE 1
);


--
-- Name: smjer_predmeti; Type: TABLE; Schema: public; Owner: pguser
--

CREATE TABLE public.smjer_predmeti (
    id bigint NOT NULL,
    smjer_id bigint NOT NULL,
    predmet_id bigint NOT NULL
);


ALTER TABLE public.smjer_predmeti OWNER TO pguser;

--
-- Name: smjer_predmeti_id_seq; Type: SEQUENCE; Schema: public; Owner: pguser
--

ALTER TABLE public.smjer_predmeti ALTER COLUMN id ADD GENERATED BY DEFAULT AS IDENTITY (
    SEQUENCE NAME public.smjer_predmeti_id_seq
    START WITH 1
    INCREMENT BY 1
    NO MINVALUE
    NO MAXVALUE
    CACHE 1
);


--
-- Name: upisi; Type: TABLE; Schema: public; Owner: pguser
--

CREATE TABLE public.upisi (
    id bigint NOT NULL,
    vrijeme_odobrenja timestamp with time zone NOT NULL,
    objasnjenje_odobrenja text NOT NULL,
    student_id bigint NOT NULL,
    upisnik_id bigint NOT NULL
);


ALTER TABLE public.upisi OWNER TO pguser;

--
-- Name: upisi_id_seq; Type: SEQUENCE; Schema: public; Owner: pguser
--

ALTER TABLE public.upisi ALTER COLUMN id ADD GENERATED BY DEFAULT AS IDENTITY (
    SEQUENCE NAME public.upisi_id_seq
    START WITH 1
    INCREMENT BY 1
    NO MINVALUE
    NO MAXVALUE
    CACHE 1
);


--
-- Data for Name: auth_group; Type: TABLE DATA; Schema: public; Owner: pguser
--

COPY public.auth_group (id, name) FROM stdin;
\.


--
-- Data for Name: auth_group_permissions; Type: TABLE DATA; Schema: public; Owner: pguser
--

COPY public.auth_group_permissions (id, group_id, permission_id) FROM stdin;
\.


--
-- Data for Name: auth_permission; Type: TABLE DATA; Schema: public; Owner: pguser
--

COPY public.auth_permission (id, name, content_type_id, codename) FROM stdin;
1	Can add log entry	1	add_logentry
2	Can change log entry	1	change_logentry
3	Can delete log entry	1	delete_logentry
4	Can view log entry	1	view_logentry
5	Can add permission	2	add_permission
6	Can change permission	2	change_permission
7	Can delete permission	2	delete_permission
8	Can view permission	2	view_permission
9	Can add group	3	add_group
10	Can change group	3	change_group
11	Can delete group	3	delete_group
12	Can view group	3	view_group
13	Can add user	4	add_user
14	Can change user	4	change_user
15	Can delete user	4	delete_user
16	Can view user	4	view_user
17	Can add content type	5	add_contenttype
18	Can change content type	5	change_contenttype
19	Can delete content type	5	delete_contenttype
20	Can view content type	5	view_contenttype
21	Can add session	6	add_session
22	Can change session	6	change_session
23	Can delete session	6	delete_session
24	Can view session	6	view_session
25	Can add Korisnik	7	add_korisnik
26	Can change Korisnik	7	change_korisnik
27	Can delete Korisnik	7	delete_korisnik
28	Can view Korisnik	7	view_korisnik
29	Can add Predmet	8	add_predmet
30	Can change Predmet	8	change_predmet
31	Can delete Predmet	8	delete_predmet
32	Can view Predmet	8	view_predmet
33	Can add Smjer	9	add_smjer
34	Can change Smjer	9	change_smjer
35	Can delete Smjer	9	delete_smjer
36	Can view Smjer	9	view_smjer
37	Can add Upis	10	add_upis
38	Can change Upis	10	change_upis
39	Can delete Upis	10	delete_upis
40	Can view Upis	10	view_upis
41	Can add Prijava	11	add_prijave
42	Can change Prijava	11	change_prijave
43	Can delete Prijava	11	delete_prijave
44	Can view Prijava	11	view_prijave
\.


--
-- Data for Name: auth_user; Type: TABLE DATA; Schema: public; Owner: pguser
--

COPY public.auth_user (id, password, last_login, is_superuser, username, first_name, last_name, email, is_staff, is_active, date_joined) FROM stdin;
1	pbkdf2_sha256$1000000$lq2fuq4NDkHoITd99xrv8U$tAxG5azFGr0GVDosyrlnZSjGllzNBh+Ku1/Znd1GAlc=	2025-04-19 10:12:00.195763+00	t	naztom			naztom@thevoiddance.com	t	t	2025-04-19 10:11:39.367649+00
\.


--
-- Data for Name: auth_user_groups; Type: TABLE DATA; Schema: public; Owner: pguser
--

COPY public.auth_user_groups (id, user_id, group_id) FROM stdin;
\.


--
-- Data for Name: auth_user_user_permissions; Type: TABLE DATA; Schema: public; Owner: pguser
--

COPY public.auth_user_user_permissions (id, user_id, permission_id) FROM stdin;
\.


--
-- Data for Name: django_admin_log; Type: TABLE DATA; Schema: public; Owner: pguser
--

COPY public.django_admin_log (id, action_time, object_id, object_repr, action_flag, change_message, content_type_id, user_id) FROM stdin;
\.


--
-- Data for Name: django_content_type; Type: TABLE DATA; Schema: public; Owner: pguser
--

COPY public.django_content_type (id, app_label, model) FROM stdin;
1	admin	logentry
2	auth	permission
3	auth	group
4	auth	user
5	contenttypes	contenttype
6	sessions	session
7	upis	korisnik
8	upis	predmet
9	upis	smjer
10	upis	upis
11	upis	prijave
\.


--
-- Data for Name: django_migrations; Type: TABLE DATA; Schema: public; Owner: pguser
--

COPY public.django_migrations (id, app, name, applied) FROM stdin;
1	contenttypes	0001_initial	2025-04-19 08:20:50.029634+00
2	auth	0001_initial	2025-04-19 08:20:50.203258+00
3	admin	0001_initial	2025-04-19 08:20:50.258204+00
4	admin	0002_logentry_remove_auto_add	2025-04-19 08:20:50.286157+00
5	admin	0003_logentry_add_action_flag_choices	2025-04-19 08:20:50.347576+00
6	contenttypes	0002_remove_content_type_name	2025-04-19 08:20:50.389826+00
7	auth	0002_alter_permission_name_max_length	2025-04-19 08:20:50.414106+00
8	auth	0003_alter_user_email_max_length	2025-04-19 08:20:50.436624+00
9	auth	0004_alter_user_username_opts	2025-04-19 08:20:50.45703+00
10	auth	0005_alter_user_last_login_null	2025-04-19 08:20:50.48958+00
11	auth	0006_require_contenttypes_0002	2025-04-19 08:20:50.498041+00
12	auth	0007_alter_validators_add_error_messages	2025-04-19 08:20:50.531384+00
13	auth	0008_alter_user_username_max_length	2025-04-19 08:20:50.577117+00
14	auth	0009_alter_user_last_name_max_length	2025-04-19 08:20:50.608786+00
15	auth	0010_alter_group_name_max_length	2025-04-19 08:20:50.644436+00
16	auth	0011_update_proxy_permissions	2025-04-19 08:20:50.672095+00
17	auth	0012_alter_user_first_name_max_length	2025-04-19 08:20:50.707116+00
18	sessions	0001_initial	2025-04-19 08:20:50.738759+00
19	upis	0001_initial	2025-04-19 08:20:50.881641+00
20	upis	0002_smjer_predmeti	2025-04-19 08:20:50.935504+00
21	upis	0003_prijave_datum_rođenja_prijave_dokument_and_more	2025-04-19 08:20:51.087501+00
\.


--
-- Data for Name: django_session; Type: TABLE DATA; Schema: public; Owner: pguser
--

COPY public.django_session (session_key, session_data, expire_date) FROM stdin;
knizu8ofo4g7i687w6x2d7caq0idsf1p	.eJxVjE0OwiAYBe_C2hD-KS7dewbyAa9SNTQp7cp4d23ShW7fzLwXi7StNW4dS5wKOzPJTr9bovxA20G5U7vNPM9tXabEd4UftPPrXPC8HO7fQaVev7X2I0QOZLP3CWoIZvASo5KGrJNaK6NBJDJ0Ct5ZqxwKVC4iOZARYO8P3TQ3-w:1u65B2:yyEt3BfSGA13cpn6aXxyHY0PyPpI7ZhEA1kYAdCbsJc	2025-05-03 10:12:00.200043+00
\.


--
-- Data for Name: korisnici; Type: TABLE DATA; Schema: public; Owner: pguser
--

COPY public.korisnici (id, ime, prezime, email, password_hash, tip_korisnika) FROM stdin;
1	Ana	Marić	ana@gmail.com	1847107910778528570	user
2	Pero	Ivić	pero@gmail.com	-9173591935532405343	user
3	Marko	Anić	marko@gmail.com	1613629342213112265	user
4	Tomo	Milić	tomo@gmail.com	718033521704268783	admin
\.


--
-- Data for Name: predmeti; Type: TABLE DATA; Schema: public; Owner: pguser
--

COPY public.predmeti (id, naziv, opis, nositelj, ects) FROM stdin;
1	Matematika 1	Uvodni semestar matematike	Jozić	20
2	Matematika 2	Napredni semestar matematike	Jozić	30
3	Programiranje 1	Uvod u programiranje	Buljat	15
4	Programiranje 2	Objektno orjentirano programiranje	Sokol	25
5	Tehničko crtanje	Osnove tehničkog crtanja	Milić	20
\.


--
-- Data for Name: prijave; Type: TABLE DATA; Schema: public; Owner: pguser
--

COPY public.prijave (id, korisnik_id, smjer_id, "datum_rođenja", dokument, "mjesto_rođenja", molba, ocjena_matura, prosjek_ocjena, "završena_škola") FROM stdin;
1	1	2	2000-01-01		Zagreb		5	4.5	MIOC
2	2	2	2000-01-01		Osijek		4	4.5	III Gim
3	2	3	2000-01-01		Osijek		4	4.5	III Gim
\.


--
-- Data for Name: smjer; Type: TABLE DATA; Schema: public; Owner: pguser
--

COPY public.smjer (id, naziv, kvota, slobodna_mjesta) FROM stdin;
1	Tehnološki	20	20
2	Informatički	120	50
3	Matematički	10	0
\.


--
-- Data for Name: smjer_predmeti; Type: TABLE DATA; Schema: public; Owner: pguser
--

COPY public.smjer_predmeti (id, smjer_id, predmet_id) FROM stdin;
1	1	5
2	2	3
3	2	4
4	2	1
5	2	2
6	3	1
7	3	2
\.


--
-- Data for Name: upisi; Type: TABLE DATA; Schema: public; Owner: pguser
--

COPY public.upisi (id, vrijeme_odobrenja, objasnjenje_odobrenja, student_id, upisnik_id) FROM stdin;
1	2025-04-19 00:00:00+00	Testno odobrenje	1	4
2	2025-04-19 00:00:00+00	Testno odobrenje	1	4
3	2025-04-19 09:21:22.154254+00	Testno odobrenje	1	4
4	2025-04-19 09:21:28.069674+00	Testno odobrenje	1	4
\.


--
-- Name: auth_group_id_seq; Type: SEQUENCE SET; Schema: public; Owner: pguser
--

SELECT pg_catalog.setval('public.auth_group_id_seq', 1, false);


--
-- Name: auth_group_permissions_id_seq; Type: SEQUENCE SET; Schema: public; Owner: pguser
--

SELECT pg_catalog.setval('public.auth_group_permissions_id_seq', 1, false);


--
-- Name: auth_permission_id_seq; Type: SEQUENCE SET; Schema: public; Owner: pguser
--

SELECT pg_catalog.setval('public.auth_permission_id_seq', 44, true);


--
-- Name: auth_user_groups_id_seq; Type: SEQUENCE SET; Schema: public; Owner: pguser
--

SELECT pg_catalog.setval('public.auth_user_groups_id_seq', 1, false);


--
-- Name: auth_user_id_seq; Type: SEQUENCE SET; Schema: public; Owner: pguser
--

SELECT pg_catalog.setval('public.auth_user_id_seq', 1, true);


--
-- Name: auth_user_user_permissions_id_seq; Type: SEQUENCE SET; Schema: public; Owner: pguser
--

SELECT pg_catalog.setval('public.auth_user_user_permissions_id_seq', 1, false);


--
-- Name: django_admin_log_id_seq; Type: SEQUENCE SET; Schema: public; Owner: pguser
--

SELECT pg_catalog.setval('public.django_admin_log_id_seq', 1, false);


--
-- Name: django_content_type_id_seq; Type: SEQUENCE SET; Schema: public; Owner: pguser
--

SELECT pg_catalog.setval('public.django_content_type_id_seq', 11, true);


--
-- Name: django_migrations_id_seq; Type: SEQUENCE SET; Schema: public; Owner: pguser
--

SELECT pg_catalog.setval('public.django_migrations_id_seq', 21, true);


--
-- Name: korisnici_id_seq; Type: SEQUENCE SET; Schema: public; Owner: pguser
--

SELECT pg_catalog.setval('public.korisnici_id_seq', 4, true);


--
-- Name: predmeti_id_seq; Type: SEQUENCE SET; Schema: public; Owner: pguser
--

SELECT pg_catalog.setval('public.predmeti_id_seq', 5, true);


--
-- Name: prijave_id_seq; Type: SEQUENCE SET; Schema: public; Owner: pguser
--

SELECT pg_catalog.setval('public.prijave_id_seq', 3, true);


--
-- Name: smjer_id_seq; Type: SEQUENCE SET; Schema: public; Owner: pguser
--

SELECT pg_catalog.setval('public.smjer_id_seq', 3, true);


--
-- Name: smjer_predmeti_id_seq; Type: SEQUENCE SET; Schema: public; Owner: pguser
--

SELECT pg_catalog.setval('public.smjer_predmeti_id_seq', 7, true);


--
-- Name: upisi_id_seq; Type: SEQUENCE SET; Schema: public; Owner: pguser
--

SELECT pg_catalog.setval('public.upisi_id_seq', 4, true);


--
-- Name: auth_group auth_group_name_key; Type: CONSTRAINT; Schema: public; Owner: pguser
--

ALTER TABLE ONLY public.auth_group
    ADD CONSTRAINT auth_group_name_key UNIQUE (name);


--
-- Name: auth_group_permissions auth_group_permissions_group_id_permission_id_0cd325b0_uniq; Type: CONSTRAINT; Schema: public; Owner: pguser
--

ALTER TABLE ONLY public.auth_group_permissions
    ADD CONSTRAINT auth_group_permissions_group_id_permission_id_0cd325b0_uniq UNIQUE (group_id, permission_id);


--
-- Name: auth_group_permissions auth_group_permissions_pkey; Type: CONSTRAINT; Schema: public; Owner: pguser
--

ALTER TABLE ONLY public.auth_group_permissions
    ADD CONSTRAINT auth_group_permissions_pkey PRIMARY KEY (id);


--
-- Name: auth_group auth_group_pkey; Type: CONSTRAINT; Schema: public; Owner: pguser
--

ALTER TABLE ONLY public.auth_group
    ADD CONSTRAINT auth_group_pkey PRIMARY KEY (id);


--
-- Name: auth_permission auth_permission_content_type_id_codename_01ab375a_uniq; Type: CONSTRAINT; Schema: public; Owner: pguser
--

ALTER TABLE ONLY public.auth_permission
    ADD CONSTRAINT auth_permission_content_type_id_codename_01ab375a_uniq UNIQUE (content_type_id, codename);


--
-- Name: auth_permission auth_permission_pkey; Type: CONSTRAINT; Schema: public; Owner: pguser
--

ALTER TABLE ONLY public.auth_permission
    ADD CONSTRAINT auth_permission_pkey PRIMARY KEY (id);


--
-- Name: auth_user_groups auth_user_groups_pkey; Type: CONSTRAINT; Schema: public; Owner: pguser
--

ALTER TABLE ONLY public.auth_user_groups
    ADD CONSTRAINT auth_user_groups_pkey PRIMARY KEY (id);


--
-- Name: auth_user_groups auth_user_groups_user_id_group_id_94350c0c_uniq; Type: CONSTRAINT; Schema: public; Owner: pguser
--

ALTER TABLE ONLY public.auth_user_groups
    ADD CONSTRAINT auth_user_groups_user_id_group_id_94350c0c_uniq UNIQUE (user_id, group_id);


--
-- Name: auth_user auth_user_pkey; Type: CONSTRAINT; Schema: public; Owner: pguser
--

ALTER TABLE ONLY public.auth_user
    ADD CONSTRAINT auth_user_pkey PRIMARY KEY (id);


--
-- Name: auth_user_user_permissions auth_user_user_permissions_pkey; Type: CONSTRAINT; Schema: public; Owner: pguser
--

ALTER TABLE ONLY public.auth_user_user_permissions
    ADD CONSTRAINT auth_user_user_permissions_pkey PRIMARY KEY (id);


--
-- Name: auth_user_user_permissions auth_user_user_permissions_user_id_permission_id_14a6b632_uniq; Type: CONSTRAINT; Schema: public; Owner: pguser
--

ALTER TABLE ONLY public.auth_user_user_permissions
    ADD CONSTRAINT auth_user_user_permissions_user_id_permission_id_14a6b632_uniq UNIQUE (user_id, permission_id);


--
-- Name: auth_user auth_user_username_key; Type: CONSTRAINT; Schema: public; Owner: pguser
--

ALTER TABLE ONLY public.auth_user
    ADD CONSTRAINT auth_user_username_key UNIQUE (username);


--
-- Name: django_admin_log django_admin_log_pkey; Type: CONSTRAINT; Schema: public; Owner: pguser
--

ALTER TABLE ONLY public.django_admin_log
    ADD CONSTRAINT django_admin_log_pkey PRIMARY KEY (id);


--
-- Name: django_content_type django_content_type_app_label_model_76bd3d3b_uniq; Type: CONSTRAINT; Schema: public; Owner: pguser
--

ALTER TABLE ONLY public.django_content_type
    ADD CONSTRAINT django_content_type_app_label_model_76bd3d3b_uniq UNIQUE (app_label, model);


--
-- Name: django_content_type django_content_type_pkey; Type: CONSTRAINT; Schema: public; Owner: pguser
--

ALTER TABLE ONLY public.django_content_type
    ADD CONSTRAINT django_content_type_pkey PRIMARY KEY (id);


--
-- Name: django_migrations django_migrations_pkey; Type: CONSTRAINT; Schema: public; Owner: pguser
--

ALTER TABLE ONLY public.django_migrations
    ADD CONSTRAINT django_migrations_pkey PRIMARY KEY (id);


--
-- Name: django_session django_session_pkey; Type: CONSTRAINT; Schema: public; Owner: pguser
--

ALTER TABLE ONLY public.django_session
    ADD CONSTRAINT django_session_pkey PRIMARY KEY (session_key);


--
-- Name: korisnici korisnici_email_key; Type: CONSTRAINT; Schema: public; Owner: pguser
--

ALTER TABLE ONLY public.korisnici
    ADD CONSTRAINT korisnici_email_key UNIQUE (email);


--
-- Name: korisnici korisnici_pkey; Type: CONSTRAINT; Schema: public; Owner: pguser
--

ALTER TABLE ONLY public.korisnici
    ADD CONSTRAINT korisnici_pkey PRIMARY KEY (id);


--
-- Name: predmeti predmeti_pkey; Type: CONSTRAINT; Schema: public; Owner: pguser
--

ALTER TABLE ONLY public.predmeti
    ADD CONSTRAINT predmeti_pkey PRIMARY KEY (id);


--
-- Name: prijave prijave_pkey; Type: CONSTRAINT; Schema: public; Owner: pguser
--

ALTER TABLE ONLY public.prijave
    ADD CONSTRAINT prijave_pkey PRIMARY KEY (id);


--
-- Name: smjer smjer_pkey; Type: CONSTRAINT; Schema: public; Owner: pguser
--

ALTER TABLE ONLY public.smjer
    ADD CONSTRAINT smjer_pkey PRIMARY KEY (id);


--
-- Name: smjer_predmeti smjer_predmeti_pkey; Type: CONSTRAINT; Schema: public; Owner: pguser
--

ALTER TABLE ONLY public.smjer_predmeti
    ADD CONSTRAINT smjer_predmeti_pkey PRIMARY KEY (id);


--
-- Name: smjer_predmeti smjer_predmeti_smjer_id_predmet_id_a930db01_uniq; Type: CONSTRAINT; Schema: public; Owner: pguser
--

ALTER TABLE ONLY public.smjer_predmeti
    ADD CONSTRAINT smjer_predmeti_smjer_id_predmet_id_a930db01_uniq UNIQUE (smjer_id, predmet_id);


--
-- Name: prijave unique_korisnik_smjer; Type: CONSTRAINT; Schema: public; Owner: pguser
--

ALTER TABLE ONLY public.prijave
    ADD CONSTRAINT unique_korisnik_smjer UNIQUE (korisnik_id, smjer_id);


--
-- Name: upisi upisi_pkey; Type: CONSTRAINT; Schema: public; Owner: pguser
--

ALTER TABLE ONLY public.upisi
    ADD CONSTRAINT upisi_pkey PRIMARY KEY (id);


--
-- Name: auth_group_name_a6ea08ec_like; Type: INDEX; Schema: public; Owner: pguser
--

CREATE INDEX auth_group_name_a6ea08ec_like ON public.auth_group USING btree (name varchar_pattern_ops);


--
-- Name: auth_group_permissions_group_id_b120cbf9; Type: INDEX; Schema: public; Owner: pguser
--

CREATE INDEX auth_group_permissions_group_id_b120cbf9 ON public.auth_group_permissions USING btree (group_id);


--
-- Name: auth_group_permissions_permission_id_84c5c92e; Type: INDEX; Schema: public; Owner: pguser
--

CREATE INDEX auth_group_permissions_permission_id_84c5c92e ON public.auth_group_permissions USING btree (permission_id);


--
-- Name: auth_permission_content_type_id_2f476e4b; Type: INDEX; Schema: public; Owner: pguser
--

CREATE INDEX auth_permission_content_type_id_2f476e4b ON public.auth_permission USING btree (content_type_id);


--
-- Name: auth_user_groups_group_id_97559544; Type: INDEX; Schema: public; Owner: pguser
--

CREATE INDEX auth_user_groups_group_id_97559544 ON public.auth_user_groups USING btree (group_id);


--
-- Name: auth_user_groups_user_id_6a12ed8b; Type: INDEX; Schema: public; Owner: pguser
--

CREATE INDEX auth_user_groups_user_id_6a12ed8b ON public.auth_user_groups USING btree (user_id);


--
-- Name: auth_user_user_permissions_permission_id_1fbb5f2c; Type: INDEX; Schema: public; Owner: pguser
--

CREATE INDEX auth_user_user_permissions_permission_id_1fbb5f2c ON public.auth_user_user_permissions USING btree (permission_id);


--
-- Name: auth_user_user_permissions_user_id_a95ead1b; Type: INDEX; Schema: public; Owner: pguser
--

CREATE INDEX auth_user_user_permissions_user_id_a95ead1b ON public.auth_user_user_permissions USING btree (user_id);


--
-- Name: auth_user_username_6821ab7c_like; Type: INDEX; Schema: public; Owner: pguser
--

CREATE INDEX auth_user_username_6821ab7c_like ON public.auth_user USING btree (username varchar_pattern_ops);


--
-- Name: django_admin_log_content_type_id_c4bce8eb; Type: INDEX; Schema: public; Owner: pguser
--

CREATE INDEX django_admin_log_content_type_id_c4bce8eb ON public.django_admin_log USING btree (content_type_id);


--
-- Name: django_admin_log_user_id_c564eba6; Type: INDEX; Schema: public; Owner: pguser
--

CREATE INDEX django_admin_log_user_id_c564eba6 ON public.django_admin_log USING btree (user_id);


--
-- Name: django_session_expire_date_a5c62663; Type: INDEX; Schema: public; Owner: pguser
--

CREATE INDEX django_session_expire_date_a5c62663 ON public.django_session USING btree (expire_date);


--
-- Name: django_session_session_key_c0390e0f_like; Type: INDEX; Schema: public; Owner: pguser
--

CREATE INDEX django_session_session_key_c0390e0f_like ON public.django_session USING btree (session_key varchar_pattern_ops);


--
-- Name: korisnici_email_ac117225_like; Type: INDEX; Schema: public; Owner: pguser
--

CREATE INDEX korisnici_email_ac117225_like ON public.korisnici USING btree (email varchar_pattern_ops);


--
-- Name: prijave_korisnik_id_4cd93f5d; Type: INDEX; Schema: public; Owner: pguser
--

CREATE INDEX prijave_korisnik_id_4cd93f5d ON public.prijave USING btree (korisnik_id);


--
-- Name: prijave_smjer_id_3de87c5a; Type: INDEX; Schema: public; Owner: pguser
--

CREATE INDEX prijave_smjer_id_3de87c5a ON public.prijave USING btree (smjer_id);


--
-- Name: smjer_predmeti_predmet_id_ae37038c; Type: INDEX; Schema: public; Owner: pguser
--

CREATE INDEX smjer_predmeti_predmet_id_ae37038c ON public.smjer_predmeti USING btree (predmet_id);


--
-- Name: smjer_predmeti_smjer_id_a645602a; Type: INDEX; Schema: public; Owner: pguser
--

CREATE INDEX smjer_predmeti_smjer_id_a645602a ON public.smjer_predmeti USING btree (smjer_id);


--
-- Name: upisi_student_id_ea6bf88b; Type: INDEX; Schema: public; Owner: pguser
--

CREATE INDEX upisi_student_id_ea6bf88b ON public.upisi USING btree (student_id);


--
-- Name: upisi_upisnik_id_94fa4fd6; Type: INDEX; Schema: public; Owner: pguser
--

CREATE INDEX upisi_upisnik_id_94fa4fd6 ON public.upisi USING btree (upisnik_id);


--
-- Name: auth_group_permissions auth_group_permissio_permission_id_84c5c92e_fk_auth_perm; Type: FK CONSTRAINT; Schema: public; Owner: pguser
--

ALTER TABLE ONLY public.auth_group_permissions
    ADD CONSTRAINT auth_group_permissio_permission_id_84c5c92e_fk_auth_perm FOREIGN KEY (permission_id) REFERENCES public.auth_permission(id) DEFERRABLE INITIALLY DEFERRED;


--
-- Name: auth_group_permissions auth_group_permissions_group_id_b120cbf9_fk_auth_group_id; Type: FK CONSTRAINT; Schema: public; Owner: pguser
--

ALTER TABLE ONLY public.auth_group_permissions
    ADD CONSTRAINT auth_group_permissions_group_id_b120cbf9_fk_auth_group_id FOREIGN KEY (group_id) REFERENCES public.auth_group(id) DEFERRABLE INITIALLY DEFERRED;


--
-- Name: auth_permission auth_permission_content_type_id_2f476e4b_fk_django_co; Type: FK CONSTRAINT; Schema: public; Owner: pguser
--

ALTER TABLE ONLY public.auth_permission
    ADD CONSTRAINT auth_permission_content_type_id_2f476e4b_fk_django_co FOREIGN KEY (content_type_id) REFERENCES public.django_content_type(id) DEFERRABLE INITIALLY DEFERRED;


--
-- Name: auth_user_groups auth_user_groups_group_id_97559544_fk_auth_group_id; Type: FK CONSTRAINT; Schema: public; Owner: pguser
--

ALTER TABLE ONLY public.auth_user_groups
    ADD CONSTRAINT auth_user_groups_group_id_97559544_fk_auth_group_id FOREIGN KEY (group_id) REFERENCES public.auth_group(id) DEFERRABLE INITIALLY DEFERRED;


--
-- Name: auth_user_groups auth_user_groups_user_id_6a12ed8b_fk_auth_user_id; Type: FK CONSTRAINT; Schema: public; Owner: pguser
--

ALTER TABLE ONLY public.auth_user_groups
    ADD CONSTRAINT auth_user_groups_user_id_6a12ed8b_fk_auth_user_id FOREIGN KEY (user_id) REFERENCES public.auth_user(id) DEFERRABLE INITIALLY DEFERRED;


--
-- Name: auth_user_user_permissions auth_user_user_permi_permission_id_1fbb5f2c_fk_auth_perm; Type: FK CONSTRAINT; Schema: public; Owner: pguser
--

ALTER TABLE ONLY public.auth_user_user_permissions
    ADD CONSTRAINT auth_user_user_permi_permission_id_1fbb5f2c_fk_auth_perm FOREIGN KEY (permission_id) REFERENCES public.auth_permission(id) DEFERRABLE INITIALLY DEFERRED;


--
-- Name: auth_user_user_permissions auth_user_user_permissions_user_id_a95ead1b_fk_auth_user_id; Type: FK CONSTRAINT; Schema: public; Owner: pguser
--

ALTER TABLE ONLY public.auth_user_user_permissions
    ADD CONSTRAINT auth_user_user_permissions_user_id_a95ead1b_fk_auth_user_id FOREIGN KEY (user_id) REFERENCES public.auth_user(id) DEFERRABLE INITIALLY DEFERRED;


--
-- Name: django_admin_log django_admin_log_content_type_id_c4bce8eb_fk_django_co; Type: FK CONSTRAINT; Schema: public; Owner: pguser
--

ALTER TABLE ONLY public.django_admin_log
    ADD CONSTRAINT django_admin_log_content_type_id_c4bce8eb_fk_django_co FOREIGN KEY (content_type_id) REFERENCES public.django_content_type(id) DEFERRABLE INITIALLY DEFERRED;


--
-- Name: django_admin_log django_admin_log_user_id_c564eba6_fk_auth_user_id; Type: FK CONSTRAINT; Schema: public; Owner: pguser
--

ALTER TABLE ONLY public.django_admin_log
    ADD CONSTRAINT django_admin_log_user_id_c564eba6_fk_auth_user_id FOREIGN KEY (user_id) REFERENCES public.auth_user(id) DEFERRABLE INITIALLY DEFERRED;


--
-- Name: prijave prijave_korisnik_id_4cd93f5d_fk_korisnici_id; Type: FK CONSTRAINT; Schema: public; Owner: pguser
--

ALTER TABLE ONLY public.prijave
    ADD CONSTRAINT prijave_korisnik_id_4cd93f5d_fk_korisnici_id FOREIGN KEY (korisnik_id) REFERENCES public.korisnici(id) DEFERRABLE INITIALLY DEFERRED;


--
-- Name: prijave prijave_smjer_id_3de87c5a_fk_smjer_id; Type: FK CONSTRAINT; Schema: public; Owner: pguser
--

ALTER TABLE ONLY public.prijave
    ADD CONSTRAINT prijave_smjer_id_3de87c5a_fk_smjer_id FOREIGN KEY (smjer_id) REFERENCES public.smjer(id) DEFERRABLE INITIALLY DEFERRED;


--
-- Name: smjer_predmeti smjer_predmeti_predmet_id_ae37038c_fk_predmeti_id; Type: FK CONSTRAINT; Schema: public; Owner: pguser
--

ALTER TABLE ONLY public.smjer_predmeti
    ADD CONSTRAINT smjer_predmeti_predmet_id_ae37038c_fk_predmeti_id FOREIGN KEY (predmet_id) REFERENCES public.predmeti(id) DEFERRABLE INITIALLY DEFERRED;


--
-- Name: smjer_predmeti smjer_predmeti_smjer_id_a645602a_fk_smjer_id; Type: FK CONSTRAINT; Schema: public; Owner: pguser
--

ALTER TABLE ONLY public.smjer_predmeti
    ADD CONSTRAINT smjer_predmeti_smjer_id_a645602a_fk_smjer_id FOREIGN KEY (smjer_id) REFERENCES public.smjer(id) DEFERRABLE INITIALLY DEFERRED;


--
-- Name: upisi upisi_student_id_ea6bf88b_fk_korisnici_id; Type: FK CONSTRAINT; Schema: public; Owner: pguser
--

ALTER TABLE ONLY public.upisi
    ADD CONSTRAINT upisi_student_id_ea6bf88b_fk_korisnici_id FOREIGN KEY (student_id) REFERENCES public.korisnici(id) DEFERRABLE INITIALLY DEFERRED;


--
-- Name: upisi upisi_upisnik_id_94fa4fd6_fk_korisnici_id; Type: FK CONSTRAINT; Schema: public; Owner: pguser
--

ALTER TABLE ONLY public.upisi
    ADD CONSTRAINT upisi_upisnik_id_94fa4fd6_fk_korisnici_id FOREIGN KEY (upisnik_id) REFERENCES public.korisnici(id) DEFERRABLE INITIALLY DEFERRED;


--
-- PostgreSQL database dump complete
--

